Id,Name
1,Paul Walker
2,Sara Gilbert
3,Sara Gilbert
4,Nadia Bjorlin
5,Paul Walker
6,Al Pacino
7,Bruce Willis
8,Matt Damon
9,Gary Oldman
10,Stana Katic
11,Ashley Johnson
12,Mila Kunis
13,Jennifer Aniston
14,Jessica Biel
15,Ben Affleck
16,Sharon Case
17,Mila Kunis
18,Bradley Cooper
19,Matt Damon
20,McKayla Maroney
21,John Travolta
22,Danny Trejo
23,Sara Gilbert
24,Ewan McGregor
25,Woody Allen
26,Lea Michele
27,Mel Gibson
28,Paul Walker
29,Selena Gomez
30,Tina Louise
31,Matt Damon
32,Mel Gibson
33,Molly Burnett
34,Sharon Case
35,Tina Louise
36,Natalie Martinez
37,Bradley Cooper
38,Lea Michele
39,Mel Gibson
40,Lea Michele
41,Woody Allen
42,Farrah Fawcett
43,Sara Gilbert
44,Mel Gibson
45,McKayla Maroney
46,Stana Katic
47,Stana Katic
48,Farrah Fawcett
49,Molly Burnett
50,Danny Trejo
51,Danny Trejo
52,Danny Trejo
53,Stana Katic
54,Clint Eastwood
55,Ewan McGregor
56,Natalie Martinez
57,Angie Harmon
58,Mila Kunis
59,Natalie Martinez
60,Kristen Alderson
61,Lea Michele
62,Ashley Johnson
63,Gary Oldman
64,Nadia Bjorlin
65,Channing Tatum
66,Denzel Washington
67,Tina Louise
68,Danny Trejo
69,Chris Evans
70,Mila Kunis
71,Nadia Bjorlin
72,Brad Pitt
73,Jessica Biel
74,Jennifer Aniston
75,Natalie Martinez
76,Tina Louise
77,Ben Affleck
78,Stana Katic
79,Kristen Alderson
80,Nadia Bjorlin
81,Samuel L. Jackson
82,Molly Burnett
83,Channing Tatum
84,Lea Michele
85,Sara Gilbert
86,Jessica Biel
87,Jessica Biel
88,Nadia Bjorlin
89,Mel Gibson
90,Paul Walker
91,Sara Gilbert
92,Jennifer Aniston
93,Angie Harmon
94,Samuel L. Jackson
95,McKayla Maroney
96,Kristen Alderson
97,Lea Michele
98,Gerard Butler
99,Mel Gibson
100,Danny Trejo
101,Jessica Biel
102,Denzel Washington
103,Tina Louise
104,Matt Damon
105,Nadia Bjorlin
106,Selena Gomez
107,Pamela Anderson
108,Gary Oldman
109,Bradley Cooper
110,Sharon Case
111,Selena Gomez
112,Robin Williams
113,Kristen Alderson
114,Sharon Case
115,Ewan McGregor
116,Farrah Fawcett
117,Sharon Case
118,Sharon Case
119,Kristen Alderson
120,Woody Allen
121,Gary Oldman
122,John Travolta
123,Stana Katic
124,Mel Gibson
125,Tina Louise
126,Katrina Bowden
127,Gary Oldman
128,Natalie Martinez
129,Gary Oldman
130,Bradley Cooper
131,Stana Katic
132,Tina Louise
133,Stana Katic
134,McKayla Maroney
135,Angie Harmon
136,Angie Harmon
137,Matt Damon
138,Matt Damon
139,Ewan McGregor
140,Selena Gomez
141,Mel Gibson
142,Molly Burnett
143,Mila Kunis
144,Mila Kunis
145,Sara Gilbert
146,Paul Walker
147,Gerard Butler
148,Danny Trejo
149,Woody Allen
150,Selena Gomez
151,Natalie Martinez
152,Ben Affleck
153,Sara Gilbert
154,Sharon Case
155,Ewan McGregor
156,Ben Affleck
157,Mel Gibson
158,Angie Harmon
159,Farrah Fawcett
160,Sara Gilbert
161,Lea Michele
162,Natalie Martinez
163,Ben Affleck
164,Natalie Martinez
165,Ben Affleck
166,Katrina Bowden
167,Molly Burnett
168,Gerard Butler
169,Anne Hathaway
170,Stana Katic
171,Matt Damon
172,Gerard Butler
173,Farrah Fawcett
174,Ewan McGregor
175,Bruce Willis
176,McKayla Maroney
177,Brad Pitt
178,Samuel L. Jackson
179,Farrah Fawcett
180,Mel Gibson
181,Bradley Cooper
182,Paul Walker
183,Molly Burnett
184,Kristen Alderson
185,Molly Burnett
186,Lea Michele
187,Jennifer Aniston
188,Pamela Anderson
189,Jennifer Aniston
190,Katrina Bowden
191,Jennifer Aniston
192,Denzel Washington
193,Sharon Case
194,Natalie Martinez
195,Robin Williams
196,Sara Gilbert
197,McKayla Maroney
198,Gerard Butler
199,Nadia Bjorlin
200,Gerard Butler
201,Kristen Alderson
202,Danny Trejo
203,Sharon Case
204,Kristen Alderson
205,Brad Pitt
206,Jennifer Aniston
207,Ashley Johnson
208,Bradley Cooper
209,Ewan McGregor
210,Clint Eastwood
211,Mila Kunis
212,Lea Michele
213,Sharon Case
214,Gerard Butler
215,Sara Gilbert
216,Farrah Fawcett
217,Clint Eastwood
218,Anne Hathaway
219,Matt Damon
220,Bruce Willis
221,Anne Hathaway
222,Stana Katic
223,Tina Louise
224,Samuel L. Jackson
225,Stana Katic
226,Stana Katic
227,Jennifer Aniston
228,Jessica Biel
229,Gerard Butler
230,Mila Kunis
231,Angie Harmon
232,Gary Oldman
233,Denzel Washington
234,Jessica Biel
235,Bradley Cooper
236,Tina Louise
237,Anne Hathaway
238,Matt Damon
239,Samuel L. Jackson
240,Nadia Bjorlin
241,Tina Louise
242,Sara Gilbert
243,Katrina Bowden
244,Sharon Case
245,Kristen Alderson
246,Farrah Fawcett
247,Katrina Bowden
248,Anne Hathaway
249,McKayla Maroney
250,Jennifer Aniston
251,Anne Hathaway
252,Mila Kunis
253,Sara Gilbert
254,Chris Evans
255,McKayla Maroney
256,Nadia Bjorlin
257,John Travolta
258,Robin Williams
259,Lea Michele
260,Mel Gibson
261,Ben Affleck
262,Clint Eastwood
263,Farrah Fawcett
264,Selena Gomez
265,Ashley Johnson
266,Lea Michele
267,Al Pacino
268,Paul Walker
269,Nadia Bjorlin
270,Bradley Cooper
271,Lea Michele
272,Kristen Alderson
273,Robin Williams
274,Denzel Washington
275,Natalie Martinez
276,Channing Tatum
277,Pamela Anderson
278,Paul Walker
279,Bruce Willis
280,Stana Katic
281,Nadia Bjorlin
282,Natalie Martinez
283,John Travolta
284,Selena Gomez
285,Mila Kunis
286,Farrah Fawcett
287,Danny Trejo
288,Molly Burnett
289,Sara Gilbert
290,Ewan McGregor
291,Chris Evans
292,Al Pacino
293,Mila Kunis
294,Farrah Fawcett
295,Natalie Martinez
296,Sharon Case
297,Nadia Bjorlin
298,Woody Allen
299,Mila Kunis
300,Jessica Biel
301,Lea Michele
302,Jessica Biel
303,Jessica Biel
304,Jessica Biel
305,Al Pacino
306,Tina Louise
307,Tina Louise
308,Katrina Bowden
309,Channing Tatum
310,Stana Katic
311,Pamela Anderson
312,Nadia Bjorlin
313,Sharon Case
314,Molly Burnett
315,Jessica Biel
316,Gary Oldman
317,Molly Burnett
318,Robin Williams
319,Sara Gilbert
320,Anne Hathaway
321,Bruce Willis
322,Ewan McGregor
323,Mila Kunis
324,Molly Burnett
325,Farrah Fawcett
326,Sharon Case
327,Danny Trejo
328,Sharon Case
329,Pamela Anderson
330,Kristen Alderson
331,Bradley Cooper
332,Kristen Alderson
333,Denzel Washington
334,Sharon Case
335,Farrah Fawcett
336,Tina Louise
337,Farrah Fawcett
338,Bradley Cooper
339,Farrah Fawcett
340,Sharon Case
341,Sara Gilbert
342,Chris Evans
343,Stana Katic
344,Natalie Martinez
345,Ewan McGregor
346,Natalie Martinez
347,Farrah Fawcett
348,Bradley Cooper
349,Nadia Bjorlin
350,Channing Tatum
351,Angie Harmon
352,McKayla Maroney
353,Nadia Bjorlin
354,Angie Harmon
355,Anne Hathaway
356,Pamela Anderson
357,Mel Gibson
358,Paul Walker
359,Kristen Alderson
360,Paul Walker
361,Lea Michele
362,Selena Gomez
363,Angie Harmon
364,Woody Allen
365,Farrah Fawcett
366,Natalie Martinez
367,Tina Louise
368,Katrina Bowden
369,Sara Gilbert
370,Angie Harmon
371,Danny Trejo
372,Brad Pitt
373,Channing Tatum
374,Nadia Bjorlin
375,Denzel Washington
376,Jessica Biel
377,Tina Louise
378,Chris Evans
379,John Travolta
380,Mel Gibson
381,Anne Hathaway
382,Gerard Butler
383,Selena Gomez
384,Sharon Case
385,Danny Trejo
386,Selena Gomez
387,Bruce Willis
388,Tina Louise
389,Jessica Biel
390,Denzel Washington
391,Farrah Fawcett
392,Bruce Willis
393,Nadia Bjorlin
394,Stana Katic
395,Natalie Martinez
396,Tina Louise
397,Robin Williams
398,Danny Trejo
399,McKayla Maroney
400,Natalie Martinez
401,Jennifer Aniston
402,Stana Katic
403,Jennifer Aniston
404,Gary Oldman
405,Nadia Bjorlin
406,Stana Katic
407,Brad Pitt
408,Tina Louise
409,Gerard Butler
410,Ewan McGregor
411,Anne Hathaway
412,Pamela Anderson
413,Robin Williams
414,Kristen Alderson
415,Gerard Butler
416,Angie Harmon
417,Selena Gomez
418,Bradley Cooper
419,Gerard Butler
420,Farrah Fawcett
421,Jessica Biel
422,Sharon Case
423,Jennifer Aniston
424,Kristen Alderson
425,Samuel L. Jackson
426,Brad Pitt
427,Sara Gilbert
428,Nadia Bjorlin
429,Stana Katic
430,Ben Affleck
431,Sara Gilbert
432,Nadia Bjorlin
433,Sharon Case
434,John Travolta
435,Bruce Willis
436,Tina Louise
437,Gary Oldman
438,Natalie Martinez
439,Lea Michele
440,Pamela Anderson
441,Sharon Case
442,Chris Evans
443,John Travolta
444,Matt Damon
445,Sharon Case
446,Molly Burnett
447,Woody Allen
448,Angie Harmon
449,Mila Kunis
450,Anne Hathaway
451,Gerard Butler
452,Woody Allen
453,Sara Gilbert
454,Molly Burnett
455,Mila Kunis
456,Natalie Martinez
457,Nadia Bjorlin
458,Jessica Biel
459,Chris Evans
460,Angie Harmon
461,John Travolta
462,Kristen Alderson
463,Sharon Case
464,Gary Oldman
465,Sharon Case
466,Danny Trejo
467,Selena Gomez
468,Nadia Bjorlin
469,McKayla Maroney
470,Lea Michele
471,Paul Walker
472,Anne Hathaway
473,Nadia Bjorlin
474,Al Pacino
475,McKayla Maroney
476,Brad Pitt
477,Jennifer Aniston
478,Natalie Martinez
479,Angie Harmon
480,John Travolta
481,Mel Gibson
482,Paul Walker
483,Nadia Bjorlin
484,John Travolta
485,Sharon Case
486,Kristen Alderson
487,Matt Damon
488,Katrina Bowden
489,Anne Hathaway
490,Natalie Martinez
491,Sharon Case
492,Selena Gomez
493,Matt Damon
494,Samuel L. Jackson
495,Natalie Martinez
496,Gary Oldman
497,Katrina Bowden
498,Gerard Butler
499,Mel Gibson
500,Ben Affleck
501,Angie Harmon
502,Sharon Case
503,Natalie Martinez
504,Robin Williams
505,Angie Harmon
506,Sharon Case
507,Sara Gilbert
508,Farrah Fawcett
509,Brad Pitt
510,Selena Gomez
511,Farrah Fawcett
512,Ewan McGregor
513,Clint Eastwood
514,Matt Damon
515,Angie Harmon
516,Kristen Alderson
517,Sara Gilbert
518,Mila Kunis
519,Mila Kunis
520,Stana Katic
521,Molly Burnett
522,Robin Williams
523,Katrina Bowden
524,Stana Katic
525,Anne Hathaway
526,Mila Kunis
527,Sharon Case
528,Gary Oldman
529,Gerard Butler
530,Ben Affleck
531,Bradley Cooper
532,Woody Allen
533,Mila Kunis
534,Farrah Fawcett
535,Farrah Fawcett
536,Jessica Biel
537,Clint Eastwood
538,Woody Allen
539,Gary Oldman
540,Tina Louise
541,Sara Gilbert
542,Stana Katic
543,Denzel Washington
544,Kristen Alderson
545,Paul Walker
546,Sharon Case
547,Bruce Willis
548,Angie Harmon
549,Ewan McGregor
550,Jessica Biel
551,Robin Williams
552,McKayla Maroney
553,Sharon Case
554,Lea Michele
555,Samuel L. Jackson
556,Anne Hathaway
557,Ewan McGregor
558,Bradley Cooper
559,Ashley Johnson
560,Kristen Alderson
561,Clint Eastwood
562,Kristen Alderson
563,Paul Walker
564,Chris Evans
565,Gerard Butler
566,Clint Eastwood
567,Molly Burnett
568,Gerard Butler
569,Ashley Johnson
570,Jessica Biel
571,Samuel L. Jackson
572,Matt Damon
573,Mila Kunis
574,Matt Damon
575,Sharon Case
576,Ewan McGregor
577,Stana Katic
578,Mel Gibson
579,Angie Harmon
580,Gary Oldman
581,Samuel L. Jackson
582,Molly Burnett
583,Natalie Martinez
584,Anne Hathaway
585,Matt Damon
586,Jessica Biel
587,Gerard Butler
588,Brad Pitt
589,Jennifer Aniston
590,Stana Katic
591,Sara Gilbert
592,Nadia Bjorlin
